{"cameraMode":{"drawMode":0,"name":"Shaded","section":"Shading Mode"},"sceneLighting":true,"audioPlay":false,"sceneViewState":{"showFog":true,"showMaterialUpdate":false,"showSkybox":true,"showFlares":true,"showImageEffects":true,"showParticleSystems":true},"in2DMode":false,"pivot":{"x":19.714981079101564,"y":0.4868917465209961,"z":2.8310582637786867},"rotation":{"x":-0.04569222778081894,"y":-0.9226707816123962,"z":0.11546891927719116,"w":-0.36509469151496889},"size":5.474599838256836,"orthographic":false}